"Name", "Stmts", "Miss", "Cover"
"mecharmory/__init__.py", "9", "0", "100%"
"mecharmory/core/__init__.py", "9", "0", "100%"
"mecharmory/core/model/__init__.py", "9", "0", "100%"
"mecharmory/core/model/arm/__init__.py", "9", "0", "100%"
"mecharmory/core/model/arm/arm_config_defaults.py", "15", "0", "100%"
"mecharmory/core/model/arm/arm_model.py", "45", "0", "100%"
"mecharmory/core/model/arm/arm_preset_defaults.py", "32", "0", "100%"
"mecharmory/core/model/arm/iarm_model.py", "23", "0", "100%"
"mecharmory/core/model/communication/__init__.py", "9", "0", "100%"
"mecharmory/core/model/communication/serial_message.py", "24", "0", "100%"
"mecharmory/core/model/dsl/__init__.py", "9", "0", "100%"
"mecharmory/core/model/dsl/ast/__init__.py", "9", "0", "100%"
"mecharmory/core/model/dsl/ast/imecha_instruction.py", "22", "0", "100%"
"mecharmory/core/model/dsl/ast/imecha_program.py", "23", "0", "100%"
"mecharmory/core/model/dsl/ast/mecha_command_type.py", "29", "0", "100%"
"mecharmory/core/model/dsl/ast/mecha_instruction.py", "34", "2", "94%"
"mecharmory/core/model/dsl/ast/mecha_program.py", "36", "0", "100%"
"mecharmory/core/model/dsl/diagnostic/__init__.py", "9", "0", "100%"
"mecharmory/core/model/dsl/diagnostic/imecha_diagnostic.py", "24", "0", "100%"
"mecharmory/core/model/dsl/diagnostic/mecha_diagnostic.py", "39", "3", "92%"
"mecharmory/core/model/dsl/diagnostic/mecha_diagnostic_severity.py", "15", "0", "100%"
"mecharmory/core/model/dsl/token/__init__.py", "9", "0", "100%"
"mecharmory/core/model/dsl/token/mecha_token.py", "17", "0", "100%"
"mecharmory/core/model/dsl/token/mecha_token_type.py", "21", "0", "100%"
"mecharmory/core/model/kinematics/__init__.py", "9", "0", "100%"
"mecharmory/core/model/kinematics/joint_config.py", "22", "0", "100%"
"mecharmory/core/model/kinematics/joint_id.py", "17", "0", "100%"
"mecharmory/core/model/kinematics/joint_state.py", "18", "0", "100%"
"mecharmory/core/model/preset/__init__.py", "9", "0", "100%"
"mecharmory/core/model/preset/motion_preset.py", "15", "0", "100%"
"mecharmory/core/service/__init__.py", "9", "0", "100%"
"mecharmory/core/service/arm/__init__.py", "9", "0", "100%"
"mecharmory/core/service/arm/arm_command_formatter.py", "29", "1", "97%"
"mecharmory/core/service/arm/arm_controller_service.py", "75", "2", "97%"
"mecharmory/core/service/arm/arm_telemetry_parser.py", "35", "3", "91%"
"mecharmory/core/service/arm/iarm_controller_service.py", "24", "0", "100%"
"mecharmory/core/service/dsl/__init__.py", "9", "0", "100%"
"mecharmory/core/service/dsl/compiler/__init__.py", "9", "0", "100%"
"mecharmory/core/service/dsl/compiler/imecha_compiler.py", "14", "14", "0%"
"mecharmory/core/service/dsl/compiler/mecha_compiler.py", "138", "49", "64%"
"mecharmory/core/service/dsl/imecha_dsl_service.py", "21", "0", "100%"
"mecharmory/core/service/dsl/lexer/__init__.py", "9", "0", "100%"
"mecharmory/core/service/dsl/lexer/imecha_lexer.py", "14", "14", "0%"
"mecharmory/core/service/dsl/lexer/mecha_lexer.py", "53", "3", "94%"
"mecharmory/core/service/dsl/linter/__init__.py", "9", "0", "100%"
"mecharmory/core/service/dsl/linter/imecha_linter.py", "16", "16", "0%"
"mecharmory/core/service/dsl/linter/mecha_kinematic_bounds_checker.py", "33", "1", "97%"
"mecharmory/core/service/dsl/linter/mecha_linter.py", "119", "31", "74%"
"mecharmory/core/service/dsl/mecha_dsl_service.py", "49", "0", "100%"
"mecharmory/core/service/dsl/parser/__init__.py", "9", "0", "100%"
"mecharmory/core/service/dsl/parser/imecha_parser.py", "15", "15", "0%"
"mecharmory/core/service/dsl/parser/mecha_command_parser.py", "71", "3", "96%"
"mecharmory/core/service/dsl/parser/mecha_parser.py", "69", "8", "88%"
"mecharmory/core/service/engine.py", "33", "1", "97%"
"mecharmory/core/service/firmware/__init__.py", "9", "0", "100%"
"mecharmory/core/service/firmware/firmware_command_parser.py", "89", "15", "83%"
"mecharmory/core/service/firmware/firmware_simulator.py", "83", "7", "92%"
"mecharmory/core/service/firmware/ivirtual_arm_firmware.py", "16", "16", "0%"
"mecharmory/core/service/firmware/virtual_arm_firmware.py", "25", "0", "100%"
"mecharmory/core/service/iservice.py", "21", "0", "100%"
"mecharmory/core/service/serial/__init__.py", "9", "0", "100%"
"mecharmory/core/service/serial/iserial_service.py", "21", "0", "100%"
"mecharmory/core/service/serial/serial_listener_hub.py", "30", "6", "80%"
"mecharmory/core/service/serial/serial_rx_worker.py", "38", "3", "92%"
"mecharmory/core/service/serial/serial_service.py", "67", "4", "94%"
"mecharmory/core/service/storage/__init__.py", "9", "0", "100%"
"mecharmory/core/service/storage/iarm_storage_service.py", "17", "0", "100%"
"mecharmory/core/service/transport/__init__.py", "9", "0", "100%"
"mecharmory/core/service/transport/itransport.py", "17", "0", "100%"
"mecharmory/engine.py", "64", "64", "0%"
"mecharmory/infrastructure/__init__.py", "9", "0", "100%"
"mecharmory/infrastructure/cli/__init__.py", "9", "0", "100%"
"mecharmory/infrastructure/cli/engine.py", "41", "9", "78%"
"mecharmory/infrastructure/cli/icli.py", "15", "0", "100%"
"mecharmory/infrastructure/cli/setup/__init__.py", "9", "0", "100%"
"mecharmory/infrastructure/cli/setup/bundle.py", "22", "1", "95%"
"mecharmory/infrastructure/cli/setup/dep_validator.py", "36", "5", "86%"
"mecharmory/infrastructure/cli/setup/dependencies.py", "18", "0", "100%"
"mecharmory/infrastructure/cli/setup/factory.py", "37", "0", "100%"
"mecharmory/infrastructure/cli/setup/keys.py", "28", "0", "100%"
"mecharmory/infrastructure/cli/setup/opt_validator.py", "36", "5", "86%"
"mecharmory/infrastructure/cli/setup/options.py", "17", "0", "100%"
"mecharmory/infrastructure/cli/setup/registry.py", "24", "0", "100%"
"mecharmory/infrastructure/cli/setup/validator.py", "43", "5", "88%"
"mecharmory/infrastructure/command/__init__.py", "9", "0", "100%"
"mecharmory/infrastructure/command/command.py", "16", "0", "100%"
"mecharmory/infrastructure/command/icommand_definition.py", "14", "0", "100%"
"mecharmory/infrastructure/command/icommand_executor.py", "14", "0", "100%"
"mecharmory/infrastructure/command/studio_command_definition.py", "24", "1", "96%"
"mecharmory/infrastructure/command/studio_command_executor.py", "49", "26", "47%"
"mecharmory/infrastructure/communication/__init__.py", "9", "0", "100%"
"mecharmory/infrastructure/communication/iserial_port_scanner.py", "14", "0", "100%"
"mecharmory/infrastructure/communication/iserial_preferences.py", "14", "0", "100%"
"mecharmory/infrastructure/communication/itransport.py", "17", "17", "0%"
"mecharmory/infrastructure/communication/serial_port_scanner.py", "35", "1", "97%"
"mecharmory/infrastructure/communication/serial_preferences.py", "51", "3", "94%"
"mecharmory/infrastructure/communication/serial_transport.py", "60", "36", "40%"
"mecharmory/infrastructure/communication/virtual_serial_transport.py", "67", "2", "97%"
"mecharmory/infrastructure/gui/__init__.py", "9", "0", "100%"
"mecharmory/infrastructure/gui/arm/__init__.py", "9", "0", "100%"
"mecharmory/infrastructure/gui/arm/arm_control_header.py", "36", "0", "100%"
"mecharmory/infrastructure/gui/arm/arm_control_panel.py", "30", "0", "100%"
"mecharmory/infrastructure/gui/arm/arm_joint_list.py", "41", "1", "98%"
"mecharmory/infrastructure/gui/arm/arm_panel_style.py", "34", "0", "100%"
"mecharmory/infrastructure/gui/canvas/__init__.py", "9", "0", "100%"
"mecharmory/infrastructure/gui/canvas/arm_background_painter.py", "17", "0", "100%"
"mecharmory/infrastructure/gui/canvas/arm_canvas_painter.py", "48", "0", "100%"
"mecharmory/infrastructure/gui/canvas/arm_canvas_preview.py", "46", "0", "100%"
"mecharmory/infrastructure/gui/canvas/arm_canvas_style.py", "54", "0", "100%"
"mecharmory/infrastructure/gui/canvas/arm_hud_painter.py", "17", "0", "100%"
"mecharmory/infrastructure/gui/canvas/arm_kinematics_2d.py", "41", "0", "100%"
"mecharmory/infrastructure/gui/canvas/arm_linkage_painter.py", "22", "0", "100%"
"mecharmory/infrastructure/gui/canvas/arm_pedestal_painter.py", "22", "0", "100%"
"mecharmory/infrastructure/gui/canvas/arm_pose_2d.py", "24", "0", "100%"
"mecharmory/infrastructure/gui/canvas/arm_tool_painter.py", "30", "0", "100%"
"mecharmory/infrastructure/gui/canvas/arm_tube_painter.py", "27", "0", "100%"
"mecharmory/infrastructure/gui/console/__init__.py", "9", "0", "100%"
"mecharmory/infrastructure/gui/console/console_command_entry.py", "41", "6", "85%"
"mecharmory/infrastructure/gui/console/console_header_toolbar.py", "36", "0", "100%"
"mecharmory/infrastructure/gui/console/console_log_viewer.py", "70", "25", "64%"
"mecharmory/infrastructure/gui/console/console_panel.py", "39", "4", "90%"
"mecharmory/infrastructure/gui/console/console_panel_style.py", "51", "0", "100%"
"mecharmory/infrastructure/gui/dsl/__init__.py", "9", "0", "100%"
"mecharmory/infrastructure/gui/dsl/imecha_editor_tab.py", "18", "18", "0%"
"mecharmory/infrastructure/gui/dsl/mecha_code_editor.py", "36", "3", "92%"
"mecharmory/infrastructure/gui/dsl/mecha_console_view.py", "38", "3", "92%"
"mecharmory/infrastructure/gui/dsl/mecha_document_manager.py", "47", "28", "40%"
"mecharmory/infrastructure/gui/dsl/mecha_editor_tab.py", "97", "28", "71%"
"mecharmory/infrastructure/gui/dsl/mecha_editor_toolbar.py", "40", "5", "88%"
"mecharmory/infrastructure/gui/dsl/mecha_example_catalog.py", "18", "0", "100%"
"mecharmory/infrastructure/gui/dsl/mecha_stream_runner.py", "43", "21", "51%"
"mecharmory/infrastructure/gui/dsl/mecha_syntax_highlighter.py", "54", "0", "100%"
"mecharmory/infrastructure/gui/gui_event_mediator.py", "70", "0", "100%"
"mecharmory/infrastructure/gui/gui_window.py", "100", "17", "83%"
"mecharmory/infrastructure/gui/gui_window_style.py", "22", "0", "100%"
"mecharmory/infrastructure/gui/igui_window.py", "16", "0", "100%"
"mecharmory/infrastructure/gui/joint/__init__.py", "9", "0", "100%"
"mecharmory/infrastructure/gui/joint/joint_control_widget.py", "80", "22", "72%"
"mecharmory/infrastructure/gui/joint/joint_entry_control.py", "40", "6", "85%"
"mecharmory/infrastructure/gui/joint/joint_step_buttons.py", "29", "0", "100%"
"mecharmory/infrastructure/gui/joint/joint_widget_style.py", "45", "0", "100%"
"mecharmory/infrastructure/gui/preset/__init__.py", "9", "0", "100%"
"mecharmory/infrastructure/gui/preset/preset_panel.py", "28", "0", "100%"
"mecharmory/infrastructure/gui/preset/preset_panel_style.py", "22", "0", "100%"
"mecharmory/infrastructure/gui/serial/__init__.py", "9", "0", "100%"
"mecharmory/infrastructure/gui/serial/serial_bar.py", "61", "9", "85%"
"mecharmory/infrastructure/gui/serial/serial_panel_style.py", "51", "0", "100%"
"mecharmory/infrastructure/gui/serial/serial_port_selector.py", "60", "8", "87%"
"mecharmory/infrastructure/gui/serial/serial_status_badge.py", "32", "5", "84%"
"mecharmory/infrastructure/gui/theme/__init__.py", "9", "0", "100%"
"mecharmory/infrastructure/gui/theme/theme_manager.py", "29", "0", "100%"
"mecharmory/infrastructure/gui/workspace/__init__.py", "9", "0", "100%"
"mecharmory/infrastructure/gui/workspace/arm_workspace.py", "45", "0", "100%"
"mecharmory/infrastructure/storage/__init__.py", "9", "0", "100%"
"mecharmory/infrastructure/storage/arm_storage_service.py", "49", "1", "98%"
"mecharmory/setup/__init__.py", "9", "0", "100%"
"mecharmory/setup/bundle.py", "23", "0", "100%"
"mecharmory/setup/config_resolver.py", "35", "2", "94%"
"mecharmory/setup/dep_validator.py", "36", "5", "86%"
"mecharmory/setup/dependencies.py", "19", "0", "100%"
"mecharmory/setup/factory.py", "60", "1", "98%"
"mecharmory/setup/keys.py", "35", "0", "100%"
"mecharmory/setup/model_resolver.py", "29", "1", "97%"
"mecharmory/setup/opt_validator.py", "36", "16", "56%"
"mecharmory/setup/options.py", "20", "0", "100%"
"mecharmory/setup/registry.py", "24", "0", "100%"
"mecharmory/setup/validator.py", "48", "5", "90%"
"Total", "5071", "632", "88%"
